{
     "algorithm": "The algorithm uses a greedy approach to select items for the knapsack by first sorting them based on their value-to-weight ratio, prioritizing items that provide higher value for less weight. It iteratively checks each item to determine if it can be added to the knapsack without exceeding the remaining capacity, while also exploring the possibility of including additional items to maximize the total value. The method ultimately returns the index of the item that, when combined with others, yields the highest total value without breaching the weight constraint.",
     "thought": "The algorithm performs a binary search to quickly identify the most valuable items that can fit within the knapsack's remaining capacity, prioritizing combinations of items based on their cumulative weights and values until the best option is found.",
     "code": "import numpy as np\n\ndef select_next_item(remaining_capacity, weights, values):\n    n = len(weights)\n    best_value = float('-inf')  # To track the best value and corresponding index\n    result = -1  # Default for no item selected\n\n    # Create a list of items as tuples of (value, weight, index)\n    items = list(zip(values, weights, range(n)))\n    \n    # Sort items based on a combined value and weight criteria\n    items.sort(key=lambda x: (-x[0] / x[1], x[1]))  # Sort by value-to-weight ratio, then by weight\n\n    # Implementing a simple greedy approach with cumulative checking\n    for value, weight, index in items:\n        if weight <= remaining_capacity:\n            # Check if this item provides a better total value\n            total_value = value\n            total_weight = weight\n            \n            # Attempt to add more items if possible\n            for next_value, next_weight, next_index in items:\n                if next_index != index and total_weight + next_weight <= remaining_capacity:\n                    total_value += next_value\n                    total_weight += next_weight\n            \n            if total_value > best_value:\n                best_value = total_value\n                result = index  # Store the index of the best item found\n\n    return result",
     "objective": -40.17773,
     "other_inf": null
}