{
     "algorithm": "The algorithm for the 0-1 Knapsack Problem employs a dynamic value-to-weight ratio that adapts as the knapsack fills, using the remaining capacity and the number of unselected items to account for diminishing returns. It prioritizes items based on their adjusted ratio, sorting them in descending order before selecting the highest-ranked item that fits within the remaining capacity. By iterating through this sorted list, the algorithm aims to maximize value while ensuring that the total weight does not exceed the capacity, ultimately returning the index of the most valuable item that can be included next.",
     "thought": "The new algorithm introduces a dynamic adjustment to the value-to-weight ratio based on the current total weight, allowing for a modified selection strategy that accounts for diminishing returns as the knapsack fills.",
     "code": "import numpy as np\n\ndef select_next_item(remaining_capacity, weights, values):\n    num_items = len(weights)\n    result = -1\n    total_value = 0\n    total_weight = 0\n    selected_indices = []\n    \n    # Adjust the value-to-weight ratio based on remaining capacity\n    adjusted_ratio = values / (weights + (remaining_capacity - total_weight)/num_items)\n\n    # Sort items based on adjusted value-to-weight ratio in descending order\n    sorted_indices = np.argsort(-adjusted_ratio)\n\n    for index in sorted_indices:\n        if total_weight + weights[index] <= remaining_capacity:\n            selected_indices.append(index)\n            total_weight += weights[index]\n            total_value += values[index]\n\n    if selected_indices:\n        result = selected_indices[0]  # Return the first selected item's index\n    return result",
     "objective": -40.15308,
     "other_inf": null
}