{
     "algorithm": "The algorithm employs a greedy heuristic to select items for the 0-1 Knapsack Problem by calculating adjusted scores that account for both value-to-weight ratios and a weight penalty based on remaining capacity. It prioritizes items with higher adjusted scores, effectively balancing immediate value and the impact of remaining capacity, while iteratively selecting items to maximize total value without exceeding the weight limit. The algorithm evaluates potential selections by considering penalties due to weight, optimizing the choice of the next item based on a combination of its value and the potential contributions of subsequent items.",
     "thought": "The new algorithm utilizes a greedy approach with item sorting based on adjusted scores that factor in both value-to-weight ratios and a weight penalty based on remaining capacity, iteratively selecting items that maximize total value while respecting weight limits.",
     "code": "import numpy as np\n\ndef select_next_item(remaining_capacity, weights, values):\n    n = len(weights)\n    best_value = float('-inf')\n    result = -1\n\n    items = list(zip(values, weights, range(n)))\n\n    # Calculate value-to-weight ratios and adjusted scores with decay\n    value_weight_ratios = np.array(values) / np.array(weights)\n    adjusted_scores = values / (weights + np.log(weights + 1))\n    \n    # Introduce a penalty factor based on remaining capacity\n    penalty_scores = adjusted_scores * (remaining_capacity / np.maximum(weights, 1))\n\n    # Sort items based on their penalty-adjusted scores\n    items_sorted = sorted(items, key=lambda x: (-penalty_scores[x[2]], x[1]))\n\n    for value, weight, index in items_sorted:\n        if weight <= remaining_capacity:\n            total_value = value\n            total_weight = weight\n            \n            for next_value, next_weight, next_index in items_sorted:\n                if next_index != index and total_weight + next_weight <= remaining_capacity:\n                    total_value += next_value\n                    total_weight += next_weight\n            \n            if total_weight > 0:  \n                penalty = total_weight / (total_value + 1) \n                total_value -= penalty\n            \n            if total_value > best_value:\n                best_value = total_value\n                result = index\n\n    return result",
     "objective": -40.17971,
     "other_inf": null
}