{
     "algorithm": "The algorithm selects items for the 0-1 Knapsack Problem by first calculating a logarithmic transformation of the value-to-weight ratio for each item, prioritizing those with higher adjusted scores, while ensuring that weight constraints are respected. It employs a greedy approach to iteratively build a selection of items that maximizes total value without exceeding the remaining capacity, favoring items that provide the greatest value for their weight. In this design, the logarithmic adjusted scores give higher priority to items with a favorable combination of value and weight, while ensuring cumulative weight does not exceed the remaining capacity during selection.",
     "thought": "The new algorithm combines the greedy approach of sorting by value-to-weight ratio from No.2 with logarithmic transformations of values and weights from No.1 to select items that maximize overall value while minimizing weight, thereby prioritizing items more effectively under the capacity constraint.",
     "code": "import numpy as np\n\ndef select_next_item(remaining_capacity, weights, values):\n    n = len(weights)\n    best_value = float('-inf')  # To track the best value and corresponding index\n    result = -1  # Default for no item selected\n\n    # Create a list of items as tuples of (value, weight, index)\n    items = list(zip(values, weights, range(n)))\n    \n    # Calculate the logarithmic transformed scores\n    log_values = np.log(values + 1)\n    log_weights = np.log(weights + 1)\n    \n    # Create adjusted scores based on log value-to-weight ratio\n    adjusted_scores = log_values / log_weights\n    \n    # Sort items based on their adjusted score\n    items_sorted = sorted(items, key=lambda x: (-adjusted_scores[x[2]], x[1]))\n\n    # Implementing a greedy approach with cumulative checking\n    for value, weight, index in items_sorted:\n        if weight <= remaining_capacity:\n            # Check if this item provides a better total value\n            total_value = value\n            total_weight = weight\n            \n            # Attempt to add more items if possible\n            for next_value, next_weight, next_index in items_sorted:\n                if next_index != index and total_weight + next_weight <= remaining_capacity:\n                    total_value += next_value\n                    total_weight += next_weight\n            \n            if total_value > best_value:\n                best_value = total_value\n                result = index  # Store the index of the best item found\n\n    return result",
     "objective": -40.17775,
     "other_inf": null
}