{
     "algorithm": "The algorithm efficiently selects the next item for the 0-1 Knapsack Problem by calculating a modified value-to-weight ratio that incorporates the diminishing return from the remaining capacity and introduces a penalty for previously selected items. It prioritizes items with higher adjusted ratios while ensuring that only those items fitting within the remaining capacity are considered. This approach balances the contribution of each item to the total value based on its weight and the number of items already included, guiding the selection towards more optimal configurations.",
     "thought": "The new algorithm implements a modified value-to-weight ratio by incorporating the diminishing return of remaining capacity and a penalty for the number of items already included, combined with the basic selection strategy of the No.2 algorithm to achieve a balance for lower objective values.",
     "code": "import numpy as np\n\ndef select_next_item(remaining_capacity, weights, values):\n    num_items = len(weights)\n    result = -1  # Default for no item selected\n\n    # Calculate value-to-weight ratio with a penalty based on the number of selected items\n    value_to_weight_ratio = values / (weights + (num_items - np.sum(weights <= remaining_capacity)))\n\n    # Sort indices based on adjusted ratio in descending order\n    sorted_indices = np.argsort(-value_to_weight_ratio)\n\n    for index in sorted_indices:\n        if weights[index] <= remaining_capacity:\n            result = index\n            break\n\n    return result",
     "objective": -40.15391,
     "other_inf": null
}