{
     "algorithm": "The algorithm employs a greedy heuristic approach by leveraging adjusted scores that prioritize high-value items while effectively incorporating weight penalties through logarithmic adjustments. It evaluates items based on their value-to-weight ratio adjusted by a logarithmic function of their weights, sorting them to facilitate the selection of items that maximize total value within the remaining capacity. The greedy selection iterates through the sorted items, considering combinations and ensuring that the chosen item, along with any subsequent selections, does not exceed the capacity constraint.",
     "thought": "The new algorithm will utilize a greedy selection approach similar to the No.2 algorithm but incorporate adjusted scores using a weight penalty, allowing it to prioritize high-value items more effectively under capacity constraints.",
     "code": "import numpy as np\n\ndef select_next_item(remaining_capacity, weights, values):\n    n = len(weights)\n    best_value = float('-inf')\n    result = -1\n    \n    # Create a list of items as tuples of (value, weight, index)\n    items = list(zip(values, weights, range(n)))\n    \n    # Calculate the adjusted scores incorporating logarithmic penalties\n    log_penalties = np.log(weights + 1)\n    adjusted_scores = values / (weights + log_penalties)\n\n    # Sort items based on their adjusted scores\n    items_sorted = sorted(items, key=lambda x: (-adjusted_scores[x[2]], x[1]))\n\n    for value, weight, index in items_sorted:\n        if weight <= remaining_capacity:\n            # Check if this item provides a better total value\n            total_value = value\n            total_weight = weight\n            \n            for next_value, next_weight, next_index in items_sorted:\n                if next_index != index and total_weight + next_weight <= remaining_capacity:\n                    total_value += next_value\n                    total_weight += next_weight\n            \n            if total_value > best_value:\n                best_value = total_value\n                result = index  # Store the index of the best item found\n\n    return result",
     "objective": -40.1779,
     "other_inf": null
}