{
     "algorithm": "The algorithm selects the next item for the 0-1 Knapsack problem by calculating an adjusted score that prioritizes items with high value while incorporating a logarithmic weight penalty, effectively balancing value and weight considerations. It employs a numpy array to evaluate feasible items under the remaining capacity, returning the index of the item with the maximum adjusted score or -1 if no suitable item exists. By using this scoring mechanism, the algorithm favors high-value items but discourages excessive weight usage, promoting a more optimal selection strategy.",
     "thought": "The new algorithm introduces a scoring mechanism that combines a linear value-to-weight ratio with a logarithmic weight penalty, aiming to favor high-value items while moderately discouraging excessive weight usage.",
     "code": "import numpy as np\n\ndef select_next_item(remaining_capacity, weights, values):\n    log_penalties = np.log(weights + 1)  # Using logarithmic penalty for weights\n    adjusted_scores = values / (weights + log_penalties)  # Adjusting scores with penalties\n    \n    feasible_items = adjusted_scores * (weights <= remaining_capacity)\n    \n    max_score_index = np.argmax(feasible_items)\n    \n    if feasible_items[max_score_index] > 0:\n        result = max_score_index\n    else:\n        result = -1  # Indicating no suitable item found\n    \n    return result",
     "objective": -40.15585,
     "other_inf": null
}