{
     "algorithm": "The algorithm for the 0-1 Knapsack Problem employs a scoring system that prioritizes items based on a combination of their value-to-weight ratio and a dynamic penalty for exceeding the remaining capacity, using an exponential decay function. It sorts the items by these adjusted scores, and utilizes a max-heap to efficiently select items that maximize total value while respecting weight constraints. Ultimately, it returns the index of the item that contributes most to the optimal solution, emphasizing higher-value items that fit within the available capacity.",
     "thought": "The new algorithm enhances the previous one by introducing a multi-faceted scoring system that incorporates not only the value-to-weight ratio but also a penalty for exceeding the capacity when selecting items, using exponential decay to adjust scores dynamically based on their potential contribution to maximizing value and their weight.",
     "code": "import numpy as np\nimport heapq\n\ndef select_next_item(remaining_capacity, weights, values):\n    n = len(weights)\n    best_value = float('-inf')\n    result = -1\n\n    # Create a list of items as tuples of (value, weight, index)\n    items = list(zip(values, weights, range(n)))\n    \n    # Calculate value-to-weight ratios and create adjusted scores with decay\n    value_weight_ratios = np.array(values) / np.array(weights)\n    adjusted_scores = values / (weights + np.log(weights + 1))\n\n    # Introduce a penalty factor based on remaining capacity\n    penalty_scores = adjusted_scores * np.exp(-weights / remaining_capacity) if remaining_capacity > 0 else adjusted_scores\n\n    # Sort items based on their penalty-adjusted scores\n    items.sort(key=lambda x: (-penalty_scores[x[2]], x[1]))\n\n    max_heap = []\n    \n    for value, weight, index in items:\n        if weight <= remaining_capacity:\n            heapq.heappush(max_heap, (-penalty_scores[index], value, weight, index))\n\n    while max_heap:\n        _, value, weight, index = heapq.heappop(max_heap)\n        total_value = value\n        total_weight = weight\n        \n        # Gather other items that can fit with the current total weight\n        temp_heap = [(-penalty_scores[i], v, w, i) for v, w, i in items if i != index and w + total_weight <= remaining_capacity]\n        heapq.heapify(temp_heap)\n        \n        while temp_heap:\n            _, next_value, next_weight, next_index = heapq.heappop(temp_heap)\n            if total_weight + next_weight <= remaining_capacity:\n                total_value += next_value\n                total_weight += next_weight\n\n        if total_value > best_value:\n            best_value = total_value\n            result = index\n\n    return result",
     "objective": -40.17819,
     "other_inf": null
}