{
     "algorithm": "The algorithm iteratively selects the item with the highest value-to-weight ratio that can fit within the remaining capacity, utilizing numpy for efficient array operations. It calculates the value-to-weight ratios and identifies the index of the item that maximizes this ratio, while also ensuring that the item's weight does not exceed the current capacity. If no suitable item is found, the algorithm returns a default result, indicating that no further items can be added.",
     "thought": "The algorithm iteratively selects the item with the highest value-to-weight ratio that fits in the remaining capacity until no more items can be added.",
     "code": "import numpy as np\n\ndef select_next_item(remaining_capacity, weights, values):\n    ratios = values / weights\n    max_ratio_index = np.argmax(ratios * (weights <= remaining_capacity))\n    \n    if ratios[max_ratio_index] > 0:\n        return max_ratio_index\n    else:\n        return result",
     "objective": -40.14595,
     "other_inf": null
}